id,puzzle,solution,clues,difficulty
1938342,.8....3.6..43...72.7...25...271.6.......3.6..65......3.1.2....5...8.5..7....4....,582471396964358172173692584327186459491537628658924713719263845246815937835749261,26,4.6
317933,....7.3.8..3...46.28.....7......5..6..913...53.....74.....4.......52..1..1.6.7...,491276358573819462286453179142785936769134285358962741625341897937528614814697523,25,4.6
882487,8......61.7.1..5..12...39..3.....7.6........8...45...9....89....5........1.7..2..,845972361973168542126543987394821756561397428782456139437289615259614873618735294,23,4.6
648715,38.....54...3..9..6....4...56..93....7.8.5..9..9....7.2.7.3..6........1......24..,381967254724351986695284137562793841473815629819426375247139568936548712158672493,25,4.6
2831955,9.........25..8..7......365.13.892....83.2.......1..3..3...1.5...7...9...9..43...,964735821325168497781294365513489276678352149249617538832971654457826913196543782,26,4.6
2168399,.268..54..8.......1.5...6..67.2.....4..5...........29......9..6..96..8.7...1.8.2.,326817549987456132145932678671294385492583761853761294718329456239645817564178923,25,4.6
149067,5.2.3..9..98.....7.4........7...8.......5.21........6....6......348.9...6...214..,512736894398514627746982531173268945869457213425193768981645372234879156657321489,23,4.6
1307184,.71....54.9..5.1...2.3....6..8.35...76.4.9.......2..8.6...4...3.4....6.....5.....,371896254896254137524317896918735462762489315453621789689142573145973628237568941,25,4.6
1290674,.......9..9....24.78....3.61...5......4.635....3..7.2..1.9...5.4..8.......7.....2,345612798691738245782594316176259834824163579953487621218976453439825167567341982,24,4.6
2367382,...9...8391...6...2..3.......9.6.1....4...6.5....3.87.4....2....31.47....7.......,657921483913486752248375961729568134384719625165234879496852317531647298872193546,24,4.6
652632,.......65.5168.9....7....8......874....93...8..672...9..4.9..7..2......1.....32..,298347165451682937367159482912568743745931628836724519184295376523476891679813254,26,4.6
2967036,8...9...3..21.65................7..64.8..5.7..3.8..1..6.1.8..47.8..7..1....9.....,815294763742136598396758421159427836468315279237869154621583947984672315573941682,25,4.6
1458417,....7...8.219........6..19..74......5......71..9...8.4..7.3......6..9.15.3.2.6..9,963172458421958637758643192674891523582364971319527864197435286246789315835216749,26,4.6
2659036,..92.........46....8..9...1.148....2.5..146............2...71....5.3.89.7.......3,349281576172546938586793421614879352257314689938625714823967145465132897791458263,24,4.6
1422148,..5.....24.3.12.....8...17.1....3..9..4..7.5....6..4......24.9.........6.327.6...,615378942473912865298465173156843729384297651729651438861524397547139286932786514,25,4.6
2628116,38..7......16....86.24..5....4..2..6.....7....98....3..6.9...8.....5..1.....3.6..,389175462451629378672483591734892156526317849198564237263941785847256913915738624,24,4.6
2395263,..6....1......25......4.8.74..3..6.93..425.....8........4.7....9..1....5.1...6.7.,246857913781932546593641827472318659369425781158769432624573198937184265815296374,24,4.6
2354565,..8.3...54...6..1.7....2........3.4.8.6...5...1....8.2...1........2..3.6695.4....,268431795439567218751982463527813649846729531913654872382176954174295386695348127,24,4.6
748802,..8.....736...5...5.1.2....4....8..98...37...79..5...2....94..6...6...7....5...28,928146537364875291571329864435268719812937645796451382283794156159682473647513928,26,4.6
2266748,31..7...2.....538..98......6....3.9.....91.4......7..5.8...9..6.25..4..1..6.5....,314978652762145389598236417641523798857691243239487165483719526925364871176852934,26,4.6
1434467,9.........5..2.....469.....8...7.5...3..5......41...9.36.4..7.5....63..2..8....4.,982347651153628479746915238891274563637859124524136897369482715415763982278591346,24,4.6
531015,.4.81...3.3..2..9......7.2..581.6..2......3...7..8.....85.....4......65.9.1......,642819573537624891819537426358196742196742385274385169785263914423971658961458237,24,4.6
40744,.89.......134....66......27.218.4.6.....9....4.........6..571.9..4.1.........6.7.,289763451713425986645189327921874563836592714457631298368257149574918632192346875,25,4.6
801598,1..5..3..8.7.....2..9.....15..3.4...9.....2.3.1...6..9....8....3..2..9....6.7....,124568397837419562659732481572394618968157243413826759795683124381245976246971835,23,4.6
549221,.4...9......7.8.95.1...3...3......8..6....93...9.3721......265.4...8....5.6......,748159362632748195915263478371924586264815937859637214187492653493586721526371849,25,4.6
1648893,....9.........47...4517.....529...6.4....8.5..36.....11...43..9...2..1....9....3.,713896245298534716645172398852917463471368952936425871187643529364259187529781634,25,4.6
696229,.....1.........5122...357..62........5..8.2.4....7.6...1...8...3.9...4..8...56..9,576821943438769512291435768623194857157683294984572631715948326369217485842356179,25,4.6
2361548,......6...63.....7...17..251...9...637.4.....5....21....93.7.6.........4....8..5.,715234689263859417948176325182593746376418592594762138859347261631925874427681953,24,4.6
1833233,....329........63........51..21...935.7....1...384...7.....6...3...21.894........,614532978785914632239678451842167593567293814193845267921786345356421789478359126,25,4.6
386203,..6914...4..2..6..........16.17..2..89...31.......68......4....1.76....2..2.....5,576914328413285697289367541631798254895423176724156839968542713157639482342871965,25,4.6
628352,..27...8..4..9..2..6....1......3..4.....62.7...3..8..5.91.5....5....7..64........,312745689845196723769823154657931248984562371123478965291654837538217496476389512,23,4.6
1515047,....6.......4.9..1.1..3.7.....3......24...6.717...658.....8....9..1..2.676...3...,493761825287459361615832794856317942324598617179246583532684179948175236761923458,25,4.6
757416,....1.....5...7.3.8.6....1..6..2.7...3...82....5.3...4.7......84..2......8...14..,327815946159467832846392517968124753734658291215739684572943168491286375683571429,23,4.6
233270,.......9....4952......73...4.....8.5..783..4........63.7.35...6......5...29.4....,715286394863495271294173658432967815657831942981524763178359426346712589529648137,24,4.6
2661175,......9.31.3..724..8........1..5..9.7.2...1....96...3.....2...4.7.5..8.18........,247165983163987245985234617618753492732498156459612738591826374376549821824371569,24,4.6
2371993,..4....75...7.....6......34.1.........9.5.1...2..47....8..61..7......8....62...9.,894316275253794618671582934415629783769853142328147569982461357147935826536278491,22,4.6
50446,..21....6....9...3....6....8......52..6..84......7....9......8.....127..5.49...6.,792135846468297513315864927837649152156328479249571638921756384683412795574983261,22,4.6
1303304,4.2.........7....1.8....5..26.4..39...3.9....5..28.........692..........19.82...4,412538769935764281786912543261457398873691452549283176358146927624379815197825634,24,4.6
2150377,9..6...2...1.3.79..3...4...56..9......2....8........57.7..4.3...8...6..2....7....,958617423641235798237984516564798231712563984893421657175842369489356172326179845,23,4.6
2101198,......34..954..1.81..7.....9....1....5.8....7....7...3..4..29...2.6.......95..2..,876219345295463178143758629987341562351826497462975813734182956528694731619537284,24,4.6
52428,..26....9.....32.7.5.9...8.1.7.......9.1..3....6.4.........2.61.74.6..23......4..,842617539619853247753924186187239654495186372326745918538492761974561823261378495,25,4.6
683223,..23..7.88....15.........1......6.7.6.79........2.8.5.9.8.5.3..4..7......6....9..,142365798879421536536897214281536479657914823394278651918652347423789165765143982,24,4.6
55195,......7...2....4.6.....2.1..4.1.9...85.64......9.87...5...7...249.....8.3....1..5,614395728923718456785462319246159873857643291139287564561874932492536187378921645,25,4.6
1124410,...8.........69..3....2..9..345...........95.7.6..2...6.9.4.1...7..8..2...31..6..,397851462142769583865324791934578216218436957756912834689243175471685329523197648,24,4.6
2056565,94.8.......1.....6...2...51...4...2.3...875..8...5.9...5....6......9..4......8..3,945861372721345896638279451579436128312987564864152937253714689187693245496528713,23,4.6
420709,.36..1.9..8.2.....9....65....3....8..1........28.6..4....34...2..48....6.9.....34,236581497587294361941736528453127689619458273728963145865349712374812956192675834,25,4.6
1604039,..8..6..9..5.........15..8642..6.3..7..2.......6..4...5.37..4..9....5.61.........,278436159615978234394152786429867315751293648836514927563781492947325861182649573,24,4.6
2099411,....47.8.2...........3.........64..24.....5.18.61...9.9.5.7..4.......3..13.65.9..,361547289259816473748329615517964832493782561826135794985273146672491358134658927,25,4.6
1265803,28...17..7..4...2.....6..3.54.7.2......5.3.9...3.1......7.....4......3.5.5....1.2,289351746736489521415267839548792613671543298923618457367125984192874365854936172,25,4.6
961232,.6.5..98..4...7.....1.........6...9.7....8..5..43..8...15....2...7..35.83....9..1,263541987549867132871932654158674293736298415924315876415786329697123548382459761,25,4.6
363182,.29.....4......29.8.6..1.....8......61...27..5..3.4...7..6...32......91...1.3....,129573864357486291846921357498157623613892745572364189784619532235748916961235478,24,4.6
770543,.......97.4..95..6.......4.7..38...4..8..7..9.16......52...3....61.4.2....4..6...,285164397143795826679832541792381654458627139316459782527913468961548273834276915,25,4.6
2969827,..9..617...6......4....756.....8......1.6.34.73...2.....35.....9...4..12.....94..,389256174576814923412937568694381257821765349735492681143528796957643812268179435,25,4.6
1963082,.....27....274...39.......4594..82...8.......7.....1....86...7....4...3..1.2.9...,846392715152746893937815624594138267281567349763924158428653971679481532315279486,24,4.6
1173292,2...3.........957...8..7....3..4....9.45....2.6...87..6.9..48......5..6..4..9....,297135486416289573358467291732941658984576312561328749629714835173852964845693127,24,4.6
317025,.....2.7.9..8..6.4.6...38....3.......8.2.1..742.....1....6...42......7..1....536.,854162973931857624267943851713584296586291437429736518395678142642319785178425369,25,4.6
935276,..89......3..6..2.2......79.1.7..5.....21.4..8....3.9.7....6...4..892.6..8.....5.,168927345937465128245381679312749586596218437874653291729536814451892763683174952,26,4.6
1177081,...7.......8.9.....2....1..8..5....151..73.6.4..68.3.....82..79.5..3..........5..,345716928178294635926358147863542791512973864497681352631825479754139286289467513,24,4.6
2535161,..31..65.........9.1...2.....5..6.1.3.......5..7.81.....974...6......84..5.......,783194652524867139916352478845236917361479285297581364139748526672915843458623791,22,4.6
2656768,58..1....3.4.....56...5.42.........4.......8..9...136..5.823.9..6.7.......7......,582419673374682915619357428726938154143576289895241367451823796268794531937165842,24,4.6
1921788,.5.6......8....51....9.1..46....3..5.29...3.....8...4.5.....1.3.......6.3...74...,451687239987432516263951784648713925129546378735829641574268193812395467396174852,23,4.6
1050308,..8..3..2..2...39..5.1.....9.....4.......9...5.1....6..1..2..58...7...36.86..1...,178693542642875391359142687937268415864519273521437869413926758295784136786351924,24,4.6
1839564,2....83.........6...61....59.5.8.....34..7.12.2....5....3..61....953.7.4.....9...,251968347498375261376124895915283476834657912627491538583746129169532784742819653,26,4.6
2526880,....9.1.........748.2....6.7..4..6...6..27...4.5..8....541......792..4.5.3.......,547692183396851274812734569783419652961527348425368917254173896179286435638945721,25,4.6
71071,......8.549..1..6...1.....7...6......12.3.458..........4..8.2.....52.7...3......4,367492815498715362521863947974658123612937458853241679745386291189524736236179584,23,4.6
1949529,2.....7....5...6...312..9..45.....9.1..3.......3.8.4.5...........2864...7.6.1....,264159783975438621831276954457621398189345267623987415548792136312864579796513842,24,4.6
1795931,.2...8.1.5.3.........3.6.....8...39..3.8.25....5...4.7..9..58..4...9.......2.....,724958613563421978891376245648517392937842561215639487379165824482793156156284739,23,4.6
1757754,..8......3....5..617..9.2..7......64..3.8...2....2.7..5....9...84.7...93.1.......,658241379392875416174396285721953864463187952985624731537469128846712593219538647,24,4.6
805222,5.9...7...2.7....3...5...6.45...6....36.....8....3..4.1...7.9.......3....9842.6..,589362714621749853374581269457816392936254178812937546143678925265193487798425631,25,4.6
2698208,.8..4........5...34.16...7..7...8.64..25.......63.458..24.3....7.....9....81.....,387249651269751843451683279573928164842516397196374582924835716715462938638197425,26,4.6
2488051,.875..2..9.5..21........6..3.6.....1.......4....7.65..514.6.9....82.9........8...,687591234945632178123874659376425891852913746491786523514367982768249315239158467,25,4.6
2719225,..9.2....48.1.......38...5....4.....9....8.67.7531.4........6258.........5......1,519623874486175239723849156368497512941258367275316498137984625892561743654732981,24,4.6
1959330,3..7.2..........39.1..937..4.2..5.73....7.54....4....61........23.....5...8.5.9.2,396742185724581639815693724462915873983276541571438296159824367237169458648357912,27,4.6
1053284,6............157.3.....89...5.38.6..3......98..2..7.....6..1.2..2175.......8...4.,695273814248915763173648952954382671317564298862197435786431529421759386539826147,25,4.6
1638920,7..............1..8...4926..85...32..1.9...4..2...8.......1...9.6...4....3..52...,793261854246587193851349267985476321317925648624138975572613489168794532439852716,23,4.6
626275,..76.....9.......4..5...8...4....62...34..........5..9....293...7..5..9.....7.16.,187643952962581734435792816548917623293468571716235489651829347374156298829374165,22,4.6
2101228,2....3...9.8.......6524.....9246..3...1....9.....1.6........579.7....4.....98....,217593846948671253365248917792465138651832794483719625836124579179356482524987361,24,4.6
2296000,..8.625..5.3........79...3....6..4.8...78.3.5.....5.1....5..1.9.2...9.....6......,498362571563178942217954836751693428642781395839245617374526189125839764986417253,24,4.6
175842,...4.....7.3..5....9...8..55..29.6.14.......8.......7.....1..561..7.....2.6.8..14,815439267743625189692178435538297641427361598961854372384912756159746823276583914,25,4.6
2254603,4....3.....52....4.96.......8....9.5..79..6..2..3.1...9....45.7.....2.3.8.1......,428513796715269384396847152183476925547928613269351478932184567654792831871635249,24,4.6
2846481,.....7..2.9...1.3...36....8.6.1..4..8...4..5..1...5.63.51......48.............5.7,548397612692481735173652948265138479837946251914725863751269384489573126326814597,24,4.6
1806572,......5.885..1.962....9.........3....984.6...4.2.5.6...1.5.2..37......2.....3.1..,943267518857314962126895374561923487398476251472158639614582793739641825285739146,26,4.6
336648,3..4...2.8.72..6.5.1.........9.6..37...5...6..7...........9.8.....68...345...2...,365418729847239615912756348529861437183547962674923581236195874791684253458372196,24,4.6
2021350,659.............1..7.93......76...3.....43..24..5.8....8.....7..41.....65....12..,659417823324856917178932654817629435965143782432578169286394571741285396593761248,24,4.6
242078,...2.....78..3..5.....614..8....27....4....9.2.6..5......1..58......8.......9..14,465287931781439256932561478819342765354876192276915843693124587147658329528793614,23,4.6
1843410,3.5....247....25..4.....83....6..3.5..621.....7...5.......8..4..42..7.1..........,365198724781432596429756831214679385856213479973845162697581243542367918138924657,24,4.6
1996702,.97..58.........6..3..8...7.81.46.....32.......58..4........79....7...82.58.2....,297615834814372965536984127981546273473291658625837419362458791149763582758129346,25,4.6
2444525,..1...2..83.....4.4..21........37.5...74..6.......9.....5.849.......256.....7..34,591743286832965741476218395624837159987451623153629478765384912348192567219576834,25,4.6
2282265,5...2.6...3.6...5114.........8.49...4..8.3........51....4...9..3.......726.5.....,587321649932674851146958372618749523425813796793265184874132965359486217261597438,24,4.6
162754,1......7.9..7......4.....38.6..7..4.5...3.6..7...12......4.9..6..3...5..4........,136298475958743261247561938362875149581934627794612853875429316623187594419356782,22,4.6
2404806,..1...3.98.4....2...276...5......73.59..4.......2.8...1..485.........4.1.....2...,751824369864593127932761845248159736597346218316278954173485692625937481489612573,24,4.6
2402334,..827...53......9..2.1......4.321.8...78...1.....6......5..6...2.......8.6.9.....,698273145351648297724195836546321789937854612182769354875416923219537468463982571,23,4.6
1849229,.8..6.....5...2.8......9..6..2.8..4..6....7..7...5..13...3...71..5.......3.91...5,983567124654132987271849536512783649368491752749256813896325471125674398437918265,24,4.6
1862901,2..........697..5..5.......8.....9..3...4..67...3.9.4.1.8.3.....4..6..7....5.4.8.,287653419416972853953481726824716935391845267675329148168237594549168372732594681,24,4.6
99467,.3..2.59..7...4......9...864....56.8....7..5......1...6..5...2....81...9.2.......,836127594975684213241953786417295638362478951598361472683549127754812369129736845,23,4.6
983830,...4.3.....17..2......967.5.3......62.7.6...3..6..547..5.......91.....4......19..,579423168361758294824196735435917826297864513186235479752649381913582647648371952,25,4.6
1842571,.1.4.....3.5.....64.....3.5....1.9.......62..12.....7.6..785..3............3.9.8.,716453892385921746492678315568217934974836251123594678649785123837142569251369487,23,4.6
2633786,..8..6.4.1.7...5.....5...3....67...8.....1.7......94..2.....81..1.86...95...9.7..,358726941167934582942518637425673198839451276671289453296347815714865329583192764,25,4.6
104104,.8...53....12....74....9..88...4.1.21.7.....4..9...5.....1.8.6.3...6...1......7..,682475319591283647473619258835746192167592834249831576724158963358967421916324785,25,4.6
2249062,4....7.9.7...1.8....62.9.....5.....8.1.6..4.3...1...........32.2...4....3.9...56.,458367192792415836136289745925734618817692453643158279584976321261543987379821564,24,4.6
2597745,......6.....3.5.8.....21.49.68...3...71......4....8......1....825........8.5.4.93,812947635794365182635821749568419327971236854423758916347192568259683471186574293,24,4.6
1144599,.2.5..7..5....9.......4.12..9.61.........42...4.....3..57...6.........18..635....,321586794574129386968743125893612457715834269642975831157298643239467518486351972,23,4.6
2997325,1......74..27..9................376..74.5...82..8....5..967..5..1....2..5...49...,198236574452718936367594812985423761674951328231867495849672153716385249523149687,25,4.6
1968840,.6...9.23.2......5..8...74.2.4..8...8.3...4..5....7.3.1..6.........5.1.....1.4.9.,461579823327841965958326741214938657873265419596417238185692374649753182732184596,25,4.6
720847,.......6...24...177....6.....6..7..3....4...581.2.....1.....7...5.....8.....2.5.4,435172968962485317781396452546917823293648175817253649128534796354769281679821534,22,4.6
2493226,.....5.9297..8....4......3...7....8.6.47.95....546.........3..9....1..45..3...1..,836145792972386451451297836297531684684729513315468927148653279769812345523974168,25,4.6
943455,.7.8...5.5..643..........4..8...9.35....6.9......2...8752........8...6.2.4.9.....,374891256529643817861257349286419735135768924497325168752186493918534672643972581,24,4.6
2956097,.46.9...7..5....1....7..8.4..4.63.......8.1..5.3.........91.....98.7...........56,146892537875634219329751864914263785267589143583147692452916378698375421731428956,23,4.6
258015,...4..3.......15.6..2..8.....75.6....3....9..89..7.....8...7.9.5...........12..4.,916452387478931526352768419247596138635814972891273654183647295524389761769125843,22,4.6
1606647,1.45......9..4..5238....1....19....6..8....3......67....7.........8....925...7.6.,124578693796341852385269147471953286568712934932486715847695321613824579259137468,24,4.6
645379,.....521.6.........81.3........1.7.....3......9.4.8..2........84532..9....6.4...7,947865213632194875581732496324516789768329154195478632279651348453287961816943527,23,4.6
2502804,8316..........8...2....9..7.7...5..6.2..9.4.1....1.78.....8.52..4...........3....,831674952957128364264359817173845296528796431496213785619487523345962178782531649,23,4.6
1823066,.2..4...31.8.9...4...6...9........8..3.5....9..9...7.2...4..3....2..1.5.4...3..2.,925147863168293574743658291214379685837526149659814732596482317372961458481735926,24,4.6
2349166,..38..9......3.....4....28..5...1...6.95.8....1..6...8...24.53.2.6.............7.,163852947928437165547196283854371629679528314312964758781249536236785491495613872,23,4.6
2196097,.4.........5..92.47.2...6....6.7..3......2.6..279..8...6.4..71....3......79.8.4..,948256371615739284732148659896574132354812967127963845263495718481327596579681423,26,4.6
1286909,..8..95.71.5.4.6....9.........9.38.....6....3......79.3..45...8......2...2.1...54,248369517135247689769581342472913865981675423653824791396452178514798236827136954,25,4.6
146883,..1.....38..92.6...5.....49..7.......9.3.......4..6.5...8..7..1....81.3....5...2.,941865273873924615652713849367458192195372486284196357538247961729681534416539728,23,4.6
304,1....4..2..27....49...5.7...9..21..8.6.....3...1..9........71..52...........3.62.,175964382682713594943852716397621458268475931451389267836297145529146873714538629,24,4.7
207746,......6..6..5.9...9.24.8........3.2.8...7.3....42....7..31..8....5..4....1..32...,541327689678519243932468751167943528829675314354281967493156872285794136716832495,24,4.7
2203627,..75..8...........62.3.7..99.5.6...3.....1.5...3.5....4.29.3......27..38.........,397524861541698372628317549915462783284731956763859124472983615159276438836145297,24,4.7
849540,...8.56..6...2..9.2...764..7.25.....5.1.3..4.....8...7...413...........5..9...7..,913845672647321598258976413732594861581637249496182357875413926324769185169258734,25,4.7
2286531,7..9.2..4..6.8..3....3...........7....48...1.9...5..6.8...3.1....56.4....13......,731962854426785931589341672158426793364897215972153468847539126295614387613278549,23,4.7
2788958,4....2......3..76...7..5...8.......32....9..7...1..6...8....1...2.9.834.5...7...2,438762951152394768697815234879246513216539487345187629984623175721958346563471892,24,4.7
668912,1.9.48......31.....2.56...4..5.....3.14.....9......87....2...6.5............96.2.,159748632476312985328569714685927143714683259293154876941275368562831497837496521,23,4.7
1427955,8....24....6..9..2.7.....95..4...........52.87..6.....56..8..7....2........3.4...,859712463146539782273846195324198657691475238785623941562981374438267519917354826,22,4.7
355000,.....5......63...2..1.9.6.75.7......1.6....3.....2.8.......4...6.4.87.9..93......,462715389975638142831492657587143926126879534349526871258964713614387295793251468,23,4.7
561951,.2.4.3.1.3.42....7..8.6.........4..5....3..9...9...1..59...7...2...9....8.3.5...4,627483519354219687918765243162974835785631492439528176596847321241396758873152964,25,4.7
574386,..2.4...9......2.....63....9......76..65.8........31.42.78.....5........31......5,872145639653789241491632758938421576146578392725963184267854913589316427314297865,22,4.7
1439486,...79..161..6...8...6...7...6...2.4.8..4.53........1.54..1...3.9.....5....7......,584793216172654983396821754765312849819465327243987165458179632931246578627538491,24,4.7
1209603,6...9.5....864.....9.3....15.7..9....6.1.4..2.1......8.5.4...2...6...7......5.4..,643291587178645293295387641527839164869174352314526978751463829486912735932758416,25,4.7
2353671,.4839....3.....6....7....8......1..5....49...5...8.7..6..2..5...8.....2...9.....8,148396257352874619967152483834721965726549831591683742673218594485937126219465378,22,4.7
1635353,....6.8.43..78.6.......9.5.1.8..4.....21....9.4.6...1...79...6..5...3....2......5,295361874314785692786249153178594326562138749943627518837952461659413287421876935,25,4.7
2959846,....325..2..7....15...8..9...7.18...4.....8.6....9..1.1.65....7.........8.....3..,761932548298754631543186792657418923419325876382697415136549287925873164874261359,23,4.7
1486125,7.....5....54..2....26.9.3..9.......1.3.....85...6..1..7..3.........54......7.9..,786321549935487261412659837298713654163542798547968312679234185321895476854176923,22,4.7
300215,.............73..6......5488....6.....539.....36..4....4726..3..5....6..3.9..5..7,682541379594873126713629548821756493475392861936184752147268935258937614369415287,25,4.7
16768,.5..8......4..6.536...15..9....5.84....62.9..9.....7.....1....8..8.72..432.......,259483671814796253673215489732951846481627935965834712547169328198372564326548197,26,4.7
294042,7.....845..1..2........37..9..2.6.......8.25....3...8..46......2.9...36...7.....8,732169845481572936695843721978256413163487259524391687846935172259718364317624598,24,4.7
638057,5..7.2.1...3....6.......2..61.4....5...9......37.....4.....9...94.1..8...6.5..7..,586792413423815967791346258619427385854931672237658194378269541945173826162584739,23,4.7
837009,3..1.46...4.3.8.....................4.....3.5..5.7...9.2...58.1.3.6..2...98..1.6.,372194658146358972859267134913542786487916325265873419624735891531689247798421563,24,4.7
2486503,...2.9.7.....7........8..61.387......9..3...5..26......8....2..52....3.44..5..6..,861249573345176892279385461138752946694831725752694138986413257527968314413527689,24,4.7
1856023,..1..7..28...4.....936...7..6....58.....6.......4..19.....753....5.9....3.82.....,651987432872543619493621875169732584584169723237458196926875341715394268348216957,24,4.7
2300758,..2......5...4..82..8.9.1...1......59..4....6.6.2.8...8..7.1.......2.3....7.3...8,692187543571346982348592167214679835985413726763258491839761254156824379427935618,24,4.7
915023,.....5..9..1.4..2.7..2..6.8..3764......3..........9..7.2.....1......67..648....9.,432685179861947523795231648183764952974352861256819437527498316319526784648173295,24,4.7
1971231,.7...8.3.6.4.9.8.....5.....3..6.......2...6.7....2.9...5......2...9...1..8.14.76.,975468231634291875821573496398657124542319687716824953159786342467932518283145769,24,4.7
1712768,31..96..42.7...5........7..1...6.....4.1....7.3..2...9.......6.9..83.....7......5,315796824287341596496258731152967483649183257738524619521479368964835172873612945,23,4.7
733469,...1....9...2.3....95....2.45...2.98..84....36..8...7......4......3.87.1.83......,827145369164293587395687124451732698978456213632819475516974832249368751783521946,25,4.7
2029828,..92....3..61.4...83..7......8...13.69..2.4....35............4.......586...4..7..,149285673726134895835679214458796132697321458213548967962857341374912586581463729,24,4.7
2588596,5..4..79......3...16........7.94.23...5.......9..5..4........617......2.9..138...,583461792249783516167529384871946235435812679692357148358274961714695823926138457,24,4.7
2296816,.....617.6..5......23...........4..1..8..94.2...2..8...62.....3.5.7......34.1.6..,589326174617548329423197586295834761178659432346271895762485913951763248834912657,24,4.7
2480941,.5...7......3..75.3.9...4.8....2.9...6.1......31..42.5.....659...6.....7.18......,652847139184369752379215468847523916265198374931674285423786591596431827718952643,25,4.7
611493,.9.3....65..8.......7..25....35......15.7...4....9.6........81.........5....6.29.,298357146546819372137642589963584721815276934472193658624935817389721465751468293,22,4.7
2052664,9....2.1.61....37......62....523............8.6..8......487.5.....4..7....7....3.,943752816612948375578316249485231697231697458769584123194873562356429781827165934,23,4.7
453173,.....3..92...7..6...7...8...713.9.....27..3....3.61.5..98...6.....49....7....5...,465813729289574163317926845671359482952748316843261957598132674126497538734685291,25,4.7
1698354,..2...4.3..7....5..4835.7.....5...6.....84...8.....13...41..2..15...6..7.........,512768493937241658648359721479513862321684579865972134794135286153826947286497315,24,4.7
963535,13...9.4.8..7.1.....6.......493....7......6..6.5.28......8.3764.....4.25......3..,137659248824731956956482173249316587381547692675928431512893764793164825468275319,26,4.7
466803,.92.3.....3..4...6....5...1..........7....124..65....33....8.7.82.69......1......,692831457135749286487256931943172568578963124216584793359418672824697315761325849,23,4.7
823765,....7.5.2..2......1952...37.7.......2..35.....1.....63...5..87..6..17........3..4,638174592742935681195286437973462158286351749514798263321549876469817325857623914,25,4.7
1062727,..3.....7....43...75..1..6..2.3..4.96...7.2..4....9.5.8.6....71........2......8..,213658947968743125754912368527361489689475213431829756896234571345187692172596834,24,4.7
2012037,.2..37..95...1.....9.65..1.........71.8...2.....38....3.4..5..1.......5.9.5..1.4.,621437589543918726897652413459126837138579264762384195384295671216743958975861342,25,4.7
334974,.9..3.5........4..7482...3...2..184..7........3..8.62....59..6......8..5...4.....,296134578513867492748259136652371849879642351431985627187593264364728915925416783,24,4.7
2689880,..5.14.......3...9..8..2.4..54..321...2.5.8..1.........2.5.6.....3.....5.....1.2.,695814732241735689738962541954683217362157894187429356829546173413278965576391428,24,4.7
2150065,.39..6.8.....54..9...9..7....75....26........21.....6.1.4.........74.8...7..93...,539176284782354619461982753947568132653217948218439567194825376326741895875693421,24,4.7
1998580,..984..6.3.6....9.........48...9..5....1...781....4.......35...97....1.....2.7...,719843562346521897528679314867392451493156278152784639281935746975468123634217985,23,4.7
2987901,.....24...1...57.2.7.3............1..2..86...6...2..499.....3....1.....5...248...,839672451416895732572314968798453216124986573653127849987561324241739685365248197,23,4.7
966380,.31.2.6.......5...8..9...4......182..4......9.2..58..4..4..62.3...5...1....3...7.,931724658472865391865913742653491827148237569729658134594176283387542916216389475,25,4.7
1450245,1.2.......8..521.3.6......8..869.2....4.7.........3..5.......8.....6.357879......,142386579987452163365719428738695241594271836216843795653127984421968357879534612,25,4.7
1698616,..9..75..8..2.6...5.7.4.......82.3....2.6...8.....3.7.37......44......61......9..,649137582813256497527948613764821359932765148158493276376519824495382761281674935,24,4.7
1235366,8....47....5....68.76.........269..4....7....3.....1...91...8....2.9.63....8.2.4.,839624715145937268276581493518269374924173586367458129791346852482795631653812947,25,4.7
1509061,.57..6......9....1.6..3....8...79..52......18.7.4...2..93.2....5....7.8...8......,957146832384952671162738549831279465249563718675481923793824156516397284428615397,24,4.7
2281764,5...4.....6...29....1.7..4..2.7..6......96......1....83..2..7........3.54...1....,598641273764532981231879546123784659845396127679125438316258794982467315457913862,22,4.7
2496151,..15.....4.....28....6.4...1..............7529...75..43..8....6.4..9...8..7..1...,291583647463917285758624391175248963834169752926375814319852476542796138687431529,23,4.7
213499,..1.....5.9.2...3....7..6917.....4...1.48..2...2.5.3...8.......1....65....3...18.,371968245694215837258734691736192458915483726842657319587321964129846573463579182,25,4.7
2212686,.1.4....3.3...7.......9.1.6.671..3..3.....8.7..4......9...2.6...5.97.........1.25,619482753538617294472593186867159342395264817124738569943825671251976438786341925,25,4.7
2368005,7...9..6..9......8.....4.71.......5.2....6.4..35..2.....3...8.74.82.....57....4..,782193564194657238356824971847319652219586743635742189923465817468271395571938426,24,4.7
1547594,4.6....5.........4...7...38...897........2.1.7...45..2..54.....63.95....2....3...,486239157371586924529714638152897463948362715763145892895421376637958241214673589,24,4.7
1786228,....6.....1....7....795....5.6..38........2..3...12..4..3..9.6.4.8.26..1...1.....,834267195915384726267951348526473819741698253389512674173849562458726931692135487,24,4.7
2899483,......6...2.9..7...3...2.......961.8.....1.5..9.8...3.8.46...1...9.45.....2.8..7.,947318625125964783638572491753296148286431957491857236874623519319745862562189374,25,4.7
1889568,.86.....419..4..6.4.....2..92.7....8..5....7....6..5...3.9...2.....6.....7..8.34.,286375194193248765457196283921754638365821479748639512534917826812463957679582341,25,4.7
900623,.7.1.6..2....4..1.2......3.......2..9.84...7.56.2.8.......8.1....39.7....9....76.,874136952359842617216759834437591286928463571561278349742685193683917425195324768,25,4.7
1986708,..6..1..4..78....5.3...9.1..4963...1.....4...5..9......65.....7........348.....2.,856321794197846235234579618749632851628154379513987462365218947972465183481793526,24,4.7
51459,......7.974........35....1.1....39.6.23..8....7.4....2....825...5..1.3.........2.,862134759741895263935726418184253976623978145579461832416382597257619384398547621,24,4.7
52342,...5....1....97....9.4........24..6.5...3....478...2....1.....49..3....7..5..283.,627583941154697382893421675319245768562738419478169253231876594986354127745912836,24,4.7
2289938,..7..43.9...6.....453...1...7..63.48...57.9.6....9..3........951..9......8...5...,617254389298631754453789162972163548834572916561498237326817495145926873789345621,26,4.7
1079989,.7.9...2..3...5.........6.72.3....6.1...6..92......4..7..2.48...8..1..5...9.....6,871946325634725981925381647293457168147863592568192473756234819382619754419578236,24,4.7
394170,..92...7.1478........9..46..931..2...7..5..9.........54.53....97.1............8..,659214378147836952328975461593168247876452193214793685465381729781629534932547816,25,4.7
1923703,..2..8.6..783..4..9.......3......2.5...7...8.5.16..7...4.5.7...3......2......1...,132458967678319452954276813769183245423795186581642739846527391317964528295831674,23,4.7
438199,.....59.7...8..5..1...2..3..9.4..6..521.......7.......96..824......6..8...21.9.6.,846315927237894516159627834398471652521936748674258193963582471415763289782149365,26,4.7
55935,3....9...6..5..27..1..8...............3...9.2...256..1..87..4..5....8....9...5..3,375429618684531279912687345261973584753814962849256731138792456526348197497165823,23,4.7
1441813,..68.3...7....5.8.........4.....7..58.3..62...5.....18..2...1.....15.4..3..6.9...,416873529739425681285961734124387965893516247657294318542738196968152473371649852,24,4.7
2540687,.....1.6.8....4.....489.3.......793..28........5....12...7...5....64.7....3.....1,592371864837564129614892375146257938928136547375489612489713256251648793763925481,23,4.7
1650811,....4..7..8..3....4..6...1....2.7.41.6.......2.....38.53.8..6...2............57.8,316942875985731462472658913893267541164583297257419386531874629728396154649125738,23,4.7
226538,..........96.13...7.2..9....39.7.15....4....3.......67..5..62..8..25..7........8.,384762915596813724712549638439678152657421893128935467975386241861254379243197586,24,4.7
468458,.59....6...2..1....7..59...2.5.....4.1..3..92.8...4.........5.....1.29.6...37..1.,859243761342761859671859423265917384714538692983624175128496537537182946496375218,25,4.7
1577286,48..3......7..2.16.....83...5..8..3.........2...1.7..............95.4....18...72.,481936275397452816265718349156289437874365192923147568642871953739524681518693724,22,4.7
2920410,...2......45......1....3..7...8...2.3.1......8.2.1...6...6..5.4.9.547.18.....8...,937285461645179283128463957479836125361752849852914736783621594296547318514398672,24,4.7
1401151,8..6....4......2.....8.31..9..7......21..........41.79.5........34.675....7....3.,813629754569174283472853196946785321721396845385241679158432967234967518697518432,23,4.7
1767876,...92..3...6...24.......1......976.85..8...126...5......1.764...7.........41.....,418925736936718245752634189123497658547863912689251374891576423275349861364182597,24,4.7
1729431,.84.9.7......3...63.7.....8.7....6.5.....4.7......93......5...2..9.1..5..2.6.....,584196723192738546367425918473281695958364271216579384741953862639812457825647139,23,4.7
2616046,6.8....4.9..4..35....9.7....16..45.......8..3......8.........28..3..6...7.5.9....,628135947971482356354967281816324579592718463437659812169543728243876195785291634,23,4.7
1571692,85.9..4....12....99..41...73......9.6.5....14.1...53....6..1.......72..5.......8.,857963421461257839923418657374186592685329714219745368546891273138672945792534186,26,4.7
1139703,..6..2......9...7....67.1.......93.118..6...9.4....6.8..1.849..2...9....3....7...,876142593512938476439675182627859341185463729943721658761284935254396817398517264,25,4.7
1466783,...8.......62...74.2..76..5......14.7.3.1....5.......3.45....899......2...8.3....,357894612186253974429176835892365147763412598514987263645721389931548726278639451,24,4.7
291115,.21...8...7.6....2..6..29.....783...4....9...........3..2.4........157...1..2..48,321594876579638412846172935165783294438269157297451683952847361684315729713926548,24,4.7
2426129,4..8.........7.2..6......989...3..1...5.....78.4.5..6..93........6..9..45....1..3,471892635389675241652143798967438512235916487814257369193524876726389154548761923,24,4.7
1062250,...612..5.5.......6.....79.3.......85...74....1.3...6.....4..2...1..3....8.9.64..,879612345153497682642538791394165278526874139718329564935741826461283957287956413,24,4.7
1579374,.....5.....32...6..9......7618.2........8.14..2..9.....7...34.8.5......6..2....9.,287165934143279865596438217618324759739586142425791683971653428854912376362847591,23,4.7
1302675,.......799.6.....23....786..1..5.....3.7.1..6...8...1.2..59............7..93...25,821465379976183452345927861614259738538741296792836514267598143453612987189374625,25,4.7
287173,.5......6.....2.8..7...1...14..8..6...83...1.7.......56.2.4.75..1...84.....1.....,251894376364752189879631542143285967598376214726419835682943751917568423435127698,24,4.7
1118914,.....8......39.46...1.54...9.746..1...4....86.1.......8.....2.1.5......3..3...84.,349678125528391467761254938987465312234917586615832794896743251452189673173526849,25,4.7
1479688,...7....11.2.5....8.....6....92.1.......4...8..3..5........459.2......7..4.8..2.6,354762981162958437897413652489271365516349728723685149678124593231596874945837216,23,4.7
1633614,...9......61...78.5...18....24....3.3....5.4..1......7....4..23.9..8..76..3..2..8,238967154961354782547218369624791835379825641815436297786149523192583476453672918,26,4.7
599839,9..4....8..3...2......8.56.8.6.....7..7..2..4.2..1......9....3.1...3.6.5.....1...,965423718783156249241789563896345127317692854524817396659278431172934685438561972,23,4.7
167456,2....1786.9..............4..74.9.6..5...6...2.......5..3.4..5..6.1.2.......7....9,245931786897654213316278945174592638583167492962843157739486521651329874428715369,23,4.7
2497371,.2..9......8...3..5..6....72.19.......9.8......73...52.....45...9..1..6.3......8.,726493815948175326513628497231956748459782631687341952162834579894517263375269184,23,4.7
155578,5.....39.....98....1.4.7.8.9.......6..5...13.7..6.4....5..1.7..8.........4..82...,578261394324598671619437582982173456465829137731654829253916748896745213147382965,24,4.7
1624725,.26.8.....1...2..83.8...91..3...71..2...9....4.9..8.5....6.5..1......3.........24,926381547714952638358476912635247189281593476479168253842635791197824365563719824,25,4.7
975955,...6.8.71.......8...7.3..5..9..2.......4...25...9.36...82..5.4..5..4..6..1.8.....,349658271521794386867231459194526738638417925275983614982365147753149862416872593,25,4.7
2512489,.2.97..5........3.36.8..4........1..9...5..7.74...9...47...8.1..5...67........2.4,824973651597461832361825497635782149912654378748319526476238915259146783183597264,25,4.7
1769867,7...5...8.41...3...52.....6...6.3.2..25.8.1....4.............4...8.4.2.......6..7,736152498941768352852394716189673524625489173374215869297831645568947231413526987,23,4.7
1436689,9....2.....41....8..7....2..8..3.45....9.8..1316..........6.5.....4...67.....7...,938752146524196378167384925789631452452978631316245789273869514895413267641527893,23,4.7
1042876,36......9..5.....2.......3......9..8.1..6...7.4873..2...36..7...9...5.8.1.7...2..,364218579975346812821957634736529148219864357548731926453682791692175483187493265,25,4.7
81743,.7.1.85.......28....2.561..2.3.....48.........9..7..2...4.9.6.....6.7...9......1.,679138542531942876482756139253819764847263951196475328724591683318627495965384217,24,4.7
255419,4..6..3.....9...1.....85.96.3....5.2....1..8.2......4.1..5.4.....4...75..9..6....,489671325652943817713285496831496572945712683276358149127534968364829751598167234,24,4.7
2554082,13.8..5..2.....39..6...3.8....2.7..6....4.....21.....8...5.9.......2......4.7..15,137892564258764391469153782843217956795648123621935478312589647576421839984376215,24,4.7
87168,..932.4..2..47....8.......1..4.1..9.7..5..8...6..4......6....1598..3.26..........,679321458215478639843956721324817596791563842568249173436782915987135264152694387,25,4.7
1428186,.1..4.....8.3.1......5....9..3.5..2.........4...934..8..8.76.4...6....7...1...9..,512749683789361452634582719943658127865217394127934568398176245256493871471825936,23,4.7
283982,.......9.2....1....4...27.66...74...42..1.6....83....91...574.....14..8......8...,857436192236791854941582736695274318423819675718365249189657423562143987374928561,25,4.7
525506,..9.6...785.........781...........3.57...8..618.....9....7..48.3..19.....2...5...,219563847854279613637814952492651738573948126186327594965732481348196275721485369,24,4.7
1363643,6....8.5....5.7....14..6...1.5.......48.....7.9.1..82...1....3.3...4.2..9.....67.,637418952829537416514296783165872349248953167793164825471629538386745291952381674,25,4.7
1791774,9..7.24...5..3......4..1....3..24.....9.8...16......9.....1.6...283..5.........82,913762458857439216264851973731924865549683721682175394475218639128396547396547182,24,4.7
1568259,...4.....8.6..5.7.7...8...2.91......2.8....1..3...978...49...6.1....6..4......15.,312467895846295371759381642691578423278634519435129786584913267127856934963742158,25,4.7
2700541,.......8...45...36938......41...5.....5.7....2.....8.....2.8641.....7.....36...5.,651324987724589136938716524419865273385172469276943815597238641162457398843691752,24,4.7
227712,5............9..46.8....2.......6..116...3..5..9..2.8..2.4...6.9...3.4....37..8..,597264318231897546486315297872546931164983725359172684728459163915638472643721859,24,4.7
171611,......43...8.21......5..8..5.7.6...4..2...7.5.9.....1.4.9......8..2465...6.3.....,951687432348921657726534891537162984182493765694758213479815326813246579265379148,25,4.7
2892541,........9..741....61..5...7....462.8...5.....1....84...7.9..5...2......3..3.7..9.,248367159357419682619852347795146238486523971132798465871934526924685713563271894,24,4.7
1016190,3..4..2..8.....5.........31..1.9.6.2..26.........47..8..3..2..5....1..9.7.83.....,317465289824139567659728431481593672972681354536247918163972845245816793798354126,24,4.7
185365,...3.2..9.....6.8.....1.24...........2..89.6.3..12...8..2.41.5.6..8.....9.4..7..1,748352619213496587596718243489673125127589364365124978832941756671835492954267831,26,4.7
2618792,7....5.....642...9......4..........1354....82..7..2.3...28.4.1.9...3.....7.....98,748965123516423879293178465829347651354619782167582934632894517985731246471256398,25,4.7
2741690,...57.4..8...3.1........6...8..5.....7..92.8...1..7.622..4......9......71.5......,619578423854236179723914658982651734476392581531847962267489315398165247145723896,23,4.7
2366612,.4.29...5..6......3...58........2.3..9.....48.....71..8.3....5..12....94........1,741293685586174923329658417168542739297361548435987162873419256612735894954826371,23,4.7
1772349,.......5..8.93.....478......6.......2.94.8........217.8..3.9....9..5...8.7....6.3,932146857586937421147825369764513982219478536358692174821369745693754218475281693,24,4.7
132618,........9.9.6..17.53....2...2.1.5...7.......6.....7...9..42.8.11.8...9....2.9..3.,817254369294638175536719248629145783741382596385967412973426851168573924452891637,25,4.7
2971306,1....7....2..5..6.6......81...9..5..9....6..3.4.8...7......36..38.7.51...6.....37,198647325723158469654392781836974512917526843245831976479213658382765194561489237,26,4.7
699758,..4.16...9...2574.2.....6...3.9.....4.......5..2.8.9..7....316..2....45.6...4..9.,874316529916825743253479681138954276497632815562781934745293168329168457681547392,27,4.7
2227429,..25..7..8...476...4........35.9.1.8..........6..5..392..........38.1.4...4.3..8.,392586714851947623746123895435692178927318456168754239289475361573861942614239587,25,4.7
2426031,.5...97..8.4.2......3....6......7......98.2...28.3.61.5.7...8........49..4...6...,652319784874625139193748562431267958765981243928534617517493826386172495249856371,24,4.7
1574755,..3.8.......5.3..718....9......3.1.4....5...2.9.824.....2.6....3.....2..6.....75.,573489621269513487184276935825637194436951872791824563942765318357198246618342759,24,4.7
1915608,.61..85..53.91........4.......4.....25.1..9.431..7...2.2....17....8..4.......7..3,461738529532916748798245631986452317257183964314679852825394176673821495149567283,26,4.7
1841595,..7.15...83.....7.........431..47.8.9.43....1........6.4..7.2...8.....4.....2..63,467915328831264579592738614316547982924386751758192436643871295289653147175429863,25,4.7
1036562,...5...7.68...9......1.6.2.734......81....63.........1.........1..7..2.5..2.64..8,921548376687329154543176829734691582819452637265837491478215963196783245352964718,24,4.7
2478872,4.......7..5....9.....7..3.7..81..46.21.6............8.9..2.......359..46....72..,482593617375641892169278435753812946821964573946735128597426381218359764634187259,24,4.7
2403879,.......7...6.3.5..1.4....9.5...1...22..9..3....84.......5.7.....7...384.3.....7..,823159476796234518154768293547316982261987354938425167415872639672593841389641725,23,4.7
642538,..16...7...9.4...8.....1.2..96.7....32....5....48..........326.......8.95....4...,241638975739542618685791423896375142327419586154826397978153264413267859562984731,23,4.7
1544168,...5..8.9.29..........4..563...6.5..8..4....2..7.8..4.2....3......7.428...1......,463571829529836174178249356342167598816495732957382641284653917695714283731928465,24,4.7
875078,..8.92..4.7.5..1.24.........3......9..5.....88.67.9.2...7.84......9..8......5.9.3,318692754679543182452178396231865479795421638846739521967384215523916847184257963,26,4.7
1336507,53.6....4.......8....9823.......5..8.6....4......9.23..27.......93.276..6........,538671924912453786746982315379245168261738459485196237127864593893527641654319872,24,4.7
1558518,.8...........8.32.5.12.......3.56.8....3..4...96.7.5......6794......2..1...8...7.,382795614749681325561234798273456189815329467496178532128567943637942851954813276,25,4.7
1854468,....1....29...6.7...15....6..8.5...4......2...6..275..8......5....7413.....8..6.1,675219843294386175381574926128953764537468219469127538813692457956741382742835691,25,4.7
505814,.8.67......7..8593..21......1.43..573..5.7............7.....9.1..9...6.8.........,583679412167248593492153786916432857324587169875961324758326941249715638631894275,24,4.7
470200,.........9.4.2..5..8...7.4.7..9......5....1..16.4..73.8....6......7..413..53....8,527134896914628357386597241743961582259873164168452739831246975692785413475319628,25,4.7
1439119,.7389...5...4.3...6....2..712..3.....5.....3...9.....6.......5...4..52.8...74....,273896145915473862648152397126937584857264931439581726761328459394615278582749613,24,4.7
568782,1.....8..7.2.....94.92.3...2.........1..74.3......2.54...5...9....3....65...1...7,136759842752481369489263715264835971915674238378192654647528193891347526523916487,24,4.7
2898575,9.......5...37..8..32....1....56...9....1..7.69.4...........1.3718.5.49..........,987146235156372984432895617271568349843219576695437821529784163718653492364921758,24,4.7
2477777,.....6...7.2....49......2..3.......4.1936...8..5.8.......14.....6.82.73.5........,841296357732518649956734281387952164419367528625481973273145896164829735598673412,23,4.7
1842462,1....8.3.43..2....2.......77....5.89..2.8......87.......53..6.2......15.....7....,157948236439627518286153947764215389312489765598736421845391672973862154621574893,23,4.8
2352404,...67.83......5..9.2..........2..1.8.8....96...5..4...94.1.......8.6...25....3...,459672831837415629621398547794236158283751964165984273946127385378569412512843796,23,4.8
1262914,..57..6.8..6.5.....3......4....1.3.5.92.3.....7.5............91..1.967.3.4..71...,915742638426853179738169254684917325592634817173528946367285491251496783849371562,26,4.8
1495792,81...74....3...........925.......9....74.6....8......2.5..1..2..912...35....6....,819527463523648719764139258145382976237496581986751342458913627691274835372865194,23,4.8
1299929,713.8....4......3.9............38.5...67....4..4...1.....3.9....2167........2..7.,713982465452167839968543712179438256286751394534296187647319528821675943395824671,23,4.8
396612,45......2..62.9.1.......7..6....3....4.7..28.9....2..4..9..18...7..38......9....1,458167392736289415291345768682493157345716289917852634529671843174538926863924571,25,4.8
1089385,..2..9.8.3.1..5..9....1..2...915.....784..........6..3.1...4..8.....8..59...6..4.,752649381341285769896317524439152876678493152125876493517924638264738915983561247,25,4.8
1386198,.3.6.....5.1..7.9...4.....1....26.5...37.1.8..8....2.....145...7..2..3....8......,832619574561437892974582631147826953253791486689354217396145728715268349428973165,24,4.8
555735,..7......8....341..9.......2..6...7..8....6...4.8.1..2.6..8.....1...98.6...5...3.,357418269826953417194267583239645178781392654645871392963184725512739846478526931,23,4.8
2731266,6..18....1...39.....5..2..98..71....5.......2.97..5..8.6....2.3..1...59......48..,629187435184539726375642189832716954516498372497325618768951243241863597953274861,26,4.8
767281,..46.79..3..4.81...7..5......6..52...4.7..3..1....684..1..63..9..........9.....2.,284617935365498172971352468736845291849721356152936847417263589623589714598174623,26,4.8
1674798,.42.53..86.7..8......9....7......96.5...1.....86.9.2..3...8.....5...74..........2,142753698697128354835964127413872965529416873786395241374289516251637489968541732,24,4.8
2487009,49..1.6.3.....5.121..43...95..6...7.....5.2.8.2...7..165.1.9.....7...............,495712683376895412182436759538621974761954238924387561653149827847263195219578346,26,4.8
1295118,6.......35..9.84...4...7.5....7.1....7.249..125..........8..........4.1...8.....2,687425193513968427942137658439751286876249531251386974794812365325674819168593742,23,4.8
1284564,3...5197..17.9...8........32...3..1.1.36.2.8..7...9.......65...8..2...45.......3.,326851974417396528985724163294538617153672489678149352732465891869213745541987236,27,4.8
2685563,4..3...92..9..2.4.......75.7..8.6..1.6.5.4...85..2.....1......4........5...17.6..,486357192579612348132948756724896531961534827853721469318265974697483215245179683,25,4.8
747245,.182..54....9......7......9..1..5.6.7..8.....4.2.9.8..63.....57....4.2....5......,918267543326954178574318629891435762753826914462791835639182457187543296245679381,24,4.8
1301825,8...52......4..9.....89.6.........7..41.7..5.7.26.......5.6.7.9.9.5.........4..2.,869352147573416982124897635938125476641978253752634891485263719297581364316749528,24,4.8
2768987,..1..53...7..3...8....4.2.1..85734.............391.7.....4..9....4.2917.2........,821695347475231698396748251968573412712864539543912786157486923684329175239157864,26,4.8
554586,.48.5...115...9..79....64...6....9.4...69............52..31....59.8...1..7....8..,648752391153489627927136458862571934415693782739248165286314579594867213371925846,26,4.8
1607795,1.....78...6.4...9.........9..8..3.....37.....43..58...9.......4...21.36....6...5,159632784836147529274589613962814357518376492743295861691453278485721936327968145,23,4.8
1250911,72...54.3......6..4......8..1.97...2.3...1.....54....1.......4....897.....1.2.9..,729685413158743629463219587614978352832561794975432861397156248246897135581324976,24,4.8
1742048,...9....6..286...495...7...7.......8.4..9......5.3.2........7...2..1..6..1.5...4.,483921576172865934956347182739256418241798653865134297594683721327419865618572349,23,4.8
1552630,..91....2.2..3....7.1...4......7..2.3...26.1.........4..45....88.....34....9....6,539147682428639157761258439956471823347826915182395764674513298895762341213984576,23,4.8
1259565,.3.9.75....5..3..4..6.5..3.2....137.5......6..8....2....2..9...1.3275.......6....,831947526795623184426158937269481375514732869387596241672819453143275698958364712,26,4.8
2561211,3....1.6...7....9..465.....5......83...4.9.5.........12..6..8...1.2......65.342..,358921467127846395946573128594162783731489652682357941279615834413298576865734219,25,4.8
2151193,75.2..4........3....8.....6.678..5..1.5.9..2....4..........8.3......9..7...71.89.,751236489624987315398154276967821543145693728283475961479568132812349657536712894,24,4.8
1828201,21.........6.....738...9.......6.9.3...4.8.1..2.79...6.......4.....2.8...3.685...,217546398946831527385279164574162983693458712128793456852317649761924835439685271,24,4.8
700161,......8.1....6.3....49....75...4......65.......9.32...7...1....8.5..7.4.4.....6.8,657324891918765324324981567573146289286579413149832756762418935835697142491253678,23,4.8
2674359,...1....8.....269.5.7......35..9....7......6......7..4..863...2..92.47.........49,693145278841372695527986413356491827784523961912867534478639152139254786265718349,24,4.8
1437967,..3....9.......6712..1..4..5...9.7....42....33..6....282.................7.528...,613784295948352671257169438562893714784215963391647582829436157435971826176528349,23,4.8
1766811,17........4.3..2...6.18..3...........18..5.73.....4.81..2.....9.9.6..7..6...5....,173542896845396217269187534734819625918265473526734981352478169491623758687951342,24,4.8
1540769,25..6...13.......9...2.3.4.8..3..1...3.....9...9716..........7....82......7..1..8,258469731374158629916273845862394157731582496549716283183645972695827314427931568,24,4.8
431868,4...8...2.5..7..13...6...5.14...973...........9.5.8....6....1.4...3..5...2..9..6.,473185692652974813981623457148269735235417986796538241369852174817346529524791368,25,4.8
1103246,21....3....4..79.........41..3......68....2.....9.2.8.8..4.6.27.3...........75...,219654378364187952578329641923748516687513294451962783895436127732891465146275839,23,4.8
1129531,...97.42...18.6..54..........9..1...38.2.........3..4.....2.6..8..5..23.7......5.,638975421921846375457312869279461583384259716165738942543127698816594237792683154,24,4.8
683564,.4..238.6..18...5.6....5...3.8....2..26.......573....8...9..7......1..3.....7.2..,745123896231869457689745312318657924926481573457392168162934785574218639893576241,25,4.8
2497181,63...52.82.....3.5.......1...572..........427....8..5....8.9...86.15...991..3....,637915248291468375458273916145726893386591427729384651573849162864152739912637584,27,4.8
691878,...6..82....45......18.2.456...1....92...8..4...3..2....3....19.9.....7..5...6...,549631827872459361361872945634215798925768134718394256283547619496183572157926483,25,4.8
2853573,.....2.532..65..9....7..8..8.....3.9.3.....6.1....84....8....76..9......5.2.9....,971482653284653791653719842826574319437921568195368427318245976749136285562897134,24,4.8
1421696,3.48...7...5.7.......9...4...75...188...6.4.3.9..1.....8...1.....6....32......8..,364852179925174386178936245247593618851267493693418527589321764416785932732649851,24,4.8
2068726,5...7...92..3.8....1.......1..7...3....69..7...45.1.6..9....8.....9.54......6....,583276149249318657617459382156782934832694571974531268395147826768925413421863795,23,4.8
1778580,..8....9......8..1....976...1..3.....6..8..72.4.6.5...39.....25....7......4..9.8.,258163794976458231431297658812734569563981472749625813397846125185372946624519387,24,4.8
1071222,...3....2..74..5.....58..3..76..3...4.32....618......7.6....893.24..........6..2.,598376142237491568641582739976853214453217986182649357765124893824935671319768425,26,4.8
1547193,.....5..6.6.....488.94..........15..148..36...3..9....6.3.1........5.....9.6..72.,724385916365179248819462357976841532148523679532796481653217894287954163491638725,25,4.8
1629872,.3.6...182...47.6...........7....9..9...8.1...13.9.......5...7..8.2....4.6..1..8.,735629418298147563146835729872351946954786132613492857429568371581273694367914285,24,4.8
1066642,..2...9.1...89..3.6.......57..9....8.....53......6.12.5...87....19.......6....5.2,342576981175894236698213745736921458281745369954368127523187694419652873867439512,24,4.8
1708642,3.5..........8.59....63.1......2...4.....8..1.825.16......17...47.........19...2.,325179846167482593948635172519326784634798251782541639293817465476253918851964327,24,4.8
39332,..1..6....7...3..82.841........9.6.3..9....7.5..6.7....12.6.4...9.1........5....2,351786249974253168268419357147895623689321574523647891712968435495132786836574912,25,4.8
581781,...1..4...6..5.8134....6..9..9..5...68...7.4..7....5.1........68..2.9.....7......,398172465762954813451836729139425678685317942274698531543781296816249357927563184,24,4.8
2355645,8....7.....1..57.9..21.....5......6....6....3...4.2..1......8..61..2..5...7.6...4,835947612461235789792186345529713468174658293386492571943571826618324957257869134,23,4.8
131366,5.....1...9.5.4....2..3...5....4...2..2..8.13..7...9..3...1......82736...4.......,563827149891564327724931865189346572652798413437152986376415298918273654245689731,24,4.8
1106571,....9..58....5...3.87...9..4....1.39..582..........2....47.....1..6......93.....4,346297158219458763587316942462571839975823416831964275624739581158642397793185624,23,4.8
1064312,....5..17..3...........843.8.14.27...........3275.1.4...8......2.......6.6..479..,482953617713624598659178432891432765546789321327561849978316254234895176165247983,25,4.8
42581,..2.84.........95......1.3..57..92..4.1.6.....2..1..9.....4...3..8.......4.1.3.29,932584167164327958785691432657439281491268375823715694279846513318952746546173829,25,4.8
1971831,..........6..2..133......57..42....8..5...9...7...61...3..4....2..5.87...5.7.1.6.,187354692569827413342619857614295378825173946973486125736942581291568734458731269,25,4.8
1858300,.3..6.82....9.84...5.....9..9.5.....6......7.7.....2.9..6..97.1...1...384........,931465827267938415854721396193572684625894173748613259386259741572146938419387562,24,4.8
2781908,.8..572....2.1.....1.42...79.....4.......6....738..1........7.4..5..1..6....9..2.,489657213752319648316428597968135472124976385573842169891263754245781936637594821,24,4.8
2187104,..32.7.....76...........37.94.5.....7.....4...38.42..1.......4..81....96....58..2,853297164197634285426815379942581637715369428638742951579126843281473596364958712,25,4.8
704316,.....976........18.4..2.5...3.28...7..1.4.....8.6.3..946.1.......853......5....8.,852319764793456218146827593539281647671945832284673159467198325918532476325764981,26,4.8
639567,...5....6......93.....468.52..3..5..6.84...7.7....8....4..6...7.2.......5.671...2,482539716165872934973146825214397568638451279759628143841265397327984651596713482,26,4.8
619431,3....6...2.....7.....54...8.2......9...2.461.9...8..3....81......6.......91....74,348726195215938746679541328124673859583294617967185432452817963736459281891362574,23,4.8
2867957,.3..5.82.8.4....6.......3..7...354.6..67...5....2....7.2..6....9..4....3.4..9....,639157824854329761271648395712935486386714259495286137127563948968472513543891672,25,4.8
1520115,.4..87.....71..3.6....5.7......1...9.2.43...57.85......39...6.4.........21...3...,943687152587192346162354798354718269621439875798526431839275614475861923216943587,25,4.8
2005525,........471....9..6..9.7.1....4..6..18.7.......5..82...3..5..6.9.2.7.......2....3,259861374718543926643927815327495681186732549495618237834159762962374158571286493,24,4.8
1305854,.45.....78...6.2......81..52.7.4.5.1........6.1.8...4.5........9..31...........68,145239687893765214672481395287946531459173826316852749524698173968317452731524968,24,4.8
726161,.1.....6......2.......7.3....8....9..9351.4.....9.4..1.35..7.12....6..4...28.....,517348269389652174624179385148723596793516428256984731835497612971265843462831957,24,4.8
2156247,8..1..2.......971.3.9.......5..6.3...9...8.5......7..64.6.3..2....8..........5.3.,874153269562489713319276584158962347697348152243517896486731925935824671721695438,23,4.8
893622,..4....21...3.......7.2........815.9...7.98..4..2.....9.......5726.4..3.5..6.....,834567921251394786697128453372481569165739842489256317943812675726945138518673294,24,4.8
1783826,.8613..5...5.....9..92......4..83...5..41..2.....5.3....8.....7.1.39...2.........,786139254125748639439265871942683715563417928871952346398521467617394582254876193,24,4.8
720388,.6...7..2..2...73......5..9.8...63.....9.2..15..48..........91..71..4......6....4,165397482492861735738245169289156347346972851517483296654728913971534628823619574,24,4.8
708394,.....7....2..813......63.94...3.8....4..1587...6.......65...41...3.....9.1.......,391547682624981357578263194157328946249615873836479521965732418783154269412896735,24,4.8
2224751,...32.8.4.......6......8...4...6.7..3.8.952..6...7...3.91.4............75..6...1.,157326894284719365963458172429863751378195246615274983791542638846931527532687419,24,4.8
2661748,9.....3.7....3......26.9..55....4.....476..3..2.....1..3...625....9.....1.5.4..6.,961458327458237691372619845513824976894761532627593418739186254246975183185342769,25,4.8
753006,9..5..7...2.....81.8..6.3....8...5..264....3..3.1.......69.....3..67...9.....4.1.,943581726625437981781269345198723564264895137537146298456912873312678459879354612,25,4.8
54733,..8..47...7.2..........1...2...9......7...6.4..4....25..9.78...7..3..29..4.....3.,198634752573289461462751389251496873987523614634817925329178546716345298845962137,23,4.8
2356541,...1......6...2.7.5.......4.9..1.34.6.......2.2.57.8...4......5.8...3.6...3.4....,478195623961432578532867194895216347617384952324579816146928735289753461753641289,23,4.8
209664,8...5...26.5...9...9...1.7.......28..7..8.143.....7.....1.3.7..53..18......5.9...,817953462645872931392461875453196287976285143128347596281634759539718624764529318,26,4.8
57074,.61.........7.2..3....1.25.7.23.68..5........4.317.........9......4...8..5....1.9,261953478845762913937814256712396845596248731483175692178529364629431587354687129,24,4.8
188815,...7.....87...12......2...4.8..6..5...3..486...5.....21..5.....9.8........2.8..36,254796381876431295319825674481269753723154869695378412167543928938612547542987136,24,4.8
2312203,6..9..58......2...53...47......713...8...........8.26...842.6.73......29.6.......,624917583879532146531864792496271358283645971715389264958423617347156829162798435,25,4.8
1112556,.5...6.78.....256..4....2..91..5...338...1.4....7........3..81.5...2......39.....,251436978739812564846579231914658723387291645625743189492365817578124396163987452,25,4.8
1044619,67...34..9......1.2..9....7.194.58..3..16..4............6..1..8.3.2....5.....61..,671853492948627513253914687719435826385162749462789351596341278134278965827596134,26,4.8
804470,.2...9.43..6...2....74..1..8..5...3.3....28.....9....5.451...7..6..7.5...........,528619743416837259937425168892541637354762891671983425245198376169374582783256914,24,4.8
2272250,..4.......3.1..2.58......7...5..9..3...65.....2.....4...6.3..8....9.5..1...762...,914527638637148295852396174465279813381654927729813546596431782273985461148762359,23,4.8
2731823,9.....8....5.....97....6.426....4.9...71...5.....35......58....8..2..1....67.1...,962457813145328769738916542653874291487192356219635487371589624894263175526741938,24,4.8
1054117,2.14.69.........1.8.4.3.......5...9698.64..3...3...4.............8..1.251.5.2....,231476958756892314894135672417583296982647531563219487629758143348961725175324869,26,4.8
1125970,......8.1...92.....4......59..3.....23....1...5...6.4......5..4....3.2....26...17,723564891516928473849173625964312758238457169157896342671285934495731286382649517,22,4.8
2701332,......3.768.9.......2.15..9.......5..3..2...15.6..19.........2..93..2..8..1.4.7..,915264387684937215372815649127493856839526471546781932768359124493172568251648793,25,4.8
2426504,.4..7.89.5..............3.5..4.3..17.7.8........2..6..8....3..6...62...919.......,342576891519382764768149325684935217271864953953217648825493176437621589196758432,23,4.8
362049,....8...716.....4.9...6..8.5.9.324...8....7....4....92..6....5.7...53........1..9,453189627168275943927364581579832416281946735634517892316798254792453168845621379,25,4.8
2575347,...2...4.9.....7.2..5.39.......5.9....4....15...9.8......7........38.65..13..2...,831276549946815732275439186682153974394627815157948263568794321429381657713562498,23,4.8
1636540,9..78...1.....94..7.46......43...1..2.9..57........2.6.....6.8...84........9..6.5,932784561186529473754613829643297158219865734875341296497156382568432917321978645,25,4.8
2873635,....3.8...9....4...5.1.....81....54.........63.7....2.5.149.7..4..31........67...,624739815198256473753184692819623547245971386367845921531492768476318259982567134,24,4.8
458913,1..83.....6.47..........7..2..3...4.3.19.8.7...9.....36.3.9.5..8.......2.....54..,127836954965471328438529716286357149341968275579142863613294587854713692792685431,25,4.8
480006,....3...2.....586..4.7.6.9..9..........16...77...2.5..1.......9..6.......83..4.71,569438712317295864842716395698547123425163987731829546174382659256971438983654271,24,4.8
1914193,......1.55......69.....7..2.3...2...9.4.5.2.1..5.3.9.7.69...........3....4.2.5...,482369175517428369396517842138972456974856231625134987869741523251683794743295618,24,4.8
2864815,.7.9..4...........3251.8....1.6..8.92...........5....65..71..3...4.5..91.........,678935412149267385325148967417623859256489173983571246592714638864352791731896524,23,4.8
1850959,...91..5..5.....469.6..5....3.........437...1....6.8...295.....78....4.......8.3.,248916357351287946976435182137859264864372591592164873629543718783691425415728639,24,4.8
1675734,87.5.4.9......21.6....9....35.9...6..8.346...7...8...4.......5.9.....73.5........,871564293495732186623891547354927861182346975769185324237619458916458732548273619,25,4.8
644327,.....951..18.4..7....7...43.56.........3.....19..68.........752.47.5..3..3.9.....,374289516518643279629715843756492381482371695193568427961834752247156938835927164,26,4.8
979777,..5.3.2.......4..72.36....541.......6.....8...324.7....6..2.9..5.....6.....1...53,975831246186254397243679185419385762657912834832467519364528971591743628728196453,25,4.8
2763179,.....6....14.7.....3.28..742..5....8..1.2...759.....2....8...1.4.97......6...3...,872496531614375289935281674246537198381629457597148326723864915459712863168953742,25,4.8
1084021,.2.5...3.9......16..6.........451..8...7...2..48.........2..1....4..7.9..6..3..7.,427516839985342716316879542792451368653798421148623957579264183234187695861935274,23,4.8
965728,..3.6..9..4......1582.....7..8..953.....1.6.9.....2.1..........42..5.......896...,713265894649783251582941367168479532237518649954632718895324176426157983371896425,24,4.8
358241,4...6.831.31......8.............15..6........9..5.214..6.9.4..5......48...2.7....,459267831731895264826413957284631579615749328973582146368924715197356482542178693,24,4.8
1234094,...4..9..2......57....8...65.1......9..6..4..4..7.3.2......8.63.5.2.....7........,675432981284169357319587246531824679927651438468793125142978563853216794796345812,22,4.8
2671296,...8......79.64.8...59.....2.....8......2..69..31.........3...2...4.6.3..6....47.,426853197179264385835917246297645813514328769683179524948731652752486931361592478,23,4.8
2836845,....3......175.2...3.4.17..3.8..9....9..8....52........83....6.1..9....2.5...8.31,975832146841756293632491758318529674796184325524367819483215967167943582259678431,26,4.8
92406,..5....2.938.....5....3.....7..6...15....94..6..7...9...1...95....5.48.......6..3,165897324938241675427635189279468531583129467614753298741382956396574812852916743,24,4.8
870032,..3...1.6.........8..64..7......5....7.86...595.3...62.1....4.......79..734......,423758196567193284891642573346275819172869345958314762219586437685437921734921658,24,4.8
378096,.5.2..8.3..2.....53...1726....8.....8...61.4.....4.1....9..3...4.51...8......6..1,651294873742638915398517264514872639823961547976345128169783452435129786287456391,26,4.8
552372,...48...9..8..1.6..5...7..26...1.......69.37..94..8..61.2.4.5...8.........78.....,216483759978251463453967812635712948821694375794538126162349587589176234347825691,26,4.8
2948251,..83...5..2....1......6...86...8.2....2.....4..5..19.......78..91.....7..6..4...9,748319652526478193391562748639784215172956384485231967254697831913825476867143529,23,4.8
715173,...4..1......2..6.7.569...25..2..73.48..5.....6...7...8..9...73.......9..3....6..,326475189948123567715698342591246738487359216263817954852961473674532891139784625,25,4.8
1477278,.2.8...5.....6.....397...6.....9642.8...4...5..4...63.3.6...7...8...7....1.......,627814359458963217139752864571396428863241975294578631346185792985627143712439586,24,4.8
2813829,......6..6..9...7..1..3...2..4........92...3..73..8..154.6..8.....8..4....8.5...6,392187645685942173417536982154379268869215734273468591541693827736821459928754316,24,4.8
1802483,..5...1..86.51......4.6.......6..594.2.9.......6..3..7.....798............1.8.7.5,275834169869512473134769258713628594428975316956143827642357981587491632391286745,24,4.8
2677845,.....74.1...5....24..9....764..2.5...7.68..2.3.....8...5.......2.3..1.9.9...6....,896237451731546982425918637648123579579684123312795846154379268263851794987462315,25,4.8
1007489,.7....9....62...5.2..7..4...2..8....7..1....3.8.6.9....6..1.........5.84..3....7.,578431926146298357239756418624583791795142863381679245462817539917325684853964172,23,4.8
1602121,....6...88.....623......7...9...21.5..5..8.6....4..2..15.2....9..4.......37..5...,512367948879514623346829751493672185725198364681453297158236479964781532237945816,24,4.8
1688010,.42917..8.9...3.....8....1...13..2..9....4......5....6.298..5...5......28.......7,542917368196483725738652914471368259965724183283591476329876541657149832814235697,25,4.8
2212235,..6.9...73.7.6....8......3..3..71..6...4..1..........2.2.7...63.....82...5.9...4.,546293817317865924892147635239571486685432179471689352928714563764358291153926748,24,4.8
1082520,.5..4.7....6.37.......1..6.34......1..7.........6...2397...1......4.9...214.....9,152946738486537192739812564348295671627183945591674823975321486863459217214768359,24,4.8
1301953,.4...3.....2.8......86.2.5.........952.9..7......6...3.97......4.1.9.6.8.....83..,649753812752189436318642957173824569526931784984567123897316245431295678265478391,24,4.8
1052025,.1.72.....43.........1.38..3..8...5.16.......7.2.9...4...4..3......19..25....7.1.,916728543843956721257143869394871256165234987782695134671482395438519672529367418,25,4.8
2995405,........671.6..4....952.......8..14...51..8.........39.68...21.9...3....1........,524317986713689452689524371276893145395146827841752639468975213952431768137268594,23,4.8
1973157,4....57..8..413..6....8...32.58........35...1.1...28..394............1...62.9....,431625789879413526526987413245861937687359241913742865394178652758236194162594378,26,4.8
1055164,...9..1..94........2.51...84.....2.62..1...8..8..4.9..3.5.6...........37.6..2....,758936142941278365623514798419385276236197584587642913375869421892451637164723859,24,4.8
2744233,.5...7...3.2.......7.3..2..5.8...3.....4617...........9......1...4....327...984..,456827193392146578871359264568972341239461785147583629925634817684715932713298456,23,4.8
2022475,.4.7.19.....3..2......2......3.6..85..4..51...8....46...5..9...........77396...1.,248751936156398274397426851913264785674835129582917463865179342421583697739642518,25,4.8
1888460,....1...6..2...39.....96.714......2...6.......13.72..49...2.7.......84....5..3...,379215846162487395548396271457869123296134587813572964934621758621758439785943612,24,4.8
850876,...2......3...5.......9..1465...89..8.3............24.1..6.94....97.....2...1...5,498261357731845629562397814654128973823974561917536248175689432349752186286413795,23,4.9
1520,2..9..4...1.7....2.4....9.5..653..8..2....1.......6...47...16........8...5......9,265913478819754362743862915196537284527489136384126597478291653932675841651348729,23,4.9
2541,......7...487....3...63..5...3.9.8..8..5...3.6..3....9..1...5.43.9.2.....5..1....,536189742948752613127634958473291865892576431615348279781963524369425187254817396,25,4.9
165359,...68..2..2.....7.....7.816...1...482.9.6......5.......94..8..7....9....17....4..,751683924826941375943572816637129548289465731415837269394218657562794183178356492,24,4.9
1683810,..569..1......3...1..4.2.3...2...5.3.4....6...1.........8..5.9...3..4.7.......8..,235697418784513269169482735892761543347259681516348927628175394953824176471936852,22,4.9
1456846,..7..35.........418...9...33..81..6..8..769....9......1......9.........4..5.271..,417683529693752841852194673324819765581476932769235418136548297278961354945327186,24,4.9
158678,..1..59.4.4..1..3.6.7..3.......2.3....81.6...4...7...55...........8...292.......8,321685974845917236697243851956428317738156492412379685584792163173864529269531748,24,4.9
494251,.1...7.....4.8......74....38.56..1..............91...8.5.....347.654.2....98....7,912367845364285719587491623895634172421758396673912458258176934736549281149823567,25,4.9
877025,2..87..1..7....42...19.57......631....7....5.3..2.....5...8..............34...5.2,253874916978136425461925738825763194617498253349251867592387641186542379734619582,24,4.9
11304,....1.4.756..9.......8.4.9.7.3.49..59......3............9...27..8..3...9.7...136.,398216457564793821217854693723649185946185732851372946139568274682437519475921368,26,4.9
13848,......9.3..1.......3.....87..6.2..45..95.4.3..........9..1..8.46.27.....4......2.,864257913791483562235619487386921745129574638547836291953162874612748359478395126,23,4.9
1759545,....1...5..7.6..9......98...4..58.6.....93.7.7.2......2.3..1.....6...7538........,498317625527864391631529847349758162165293478782146539253671984916482753874935216,24,4.9
776642,.6...8....4......27...9.1..2..86...3..3..4.....1..3.2..2...6.5....9..7.88.6....3.,162478395549631872738295146274869513953124687681753429427386951315942768896517234,25,4.9
2254033,.....984...42.69...2.......8...7.........479.....1...3..1......3..6..5..5....742.,637159842184236957925748136856973214213864795479512683791425368342681579568397421,23,4.9
2733813,.27...1...3..9.4..1..8.....7...5...1...1..2....547.96....6....93.1......4.....72.,927546138638791452154832697796253841843169275215478963572684319361927584489315726,25,4.9
1665058,76..3..2...37.....8.29..........654..........9.4.8.31.1.....9.3............321.7.,761538429493712865852964731238196547615473298974285316126847953347659182589321674,24,4.9
2230833,3.2..6.4...58.2..6.......5..73.........4...6..8.96...7..617...21.....5...4.......,312596748795842316468731259673218495921457863584963127856174932137629584249385671,24,4.9
21468,..9.4.....5..9......7....25........33...1...25..26..4.76.4......4.5..1.8.........,239145786658792431417638925824957613376814592591263847762481359943526178185379264,22,4.9
1026900,.......5...6.9...33...7....4..7....56..835..1.....4.38....13.4........86..2......,721346859846592173359178264483721695697835421215964738978613542134257986562489317,23,4.9
2293102,.2..3.6..9.374.....4.8....9.........8.9.........46.8..28...5..7.5.6..1.........2.,528931674913746285647852319435278961869513742172469853286195437354627198791384526,23,4.9
1525282,........7.7923.5..4....5.9....521.7.6..7...21....6...3.3...8......6....2.9.......,365984217179236584482175396943521678658743921721869453237458169514697832896312745,24,4.9
2824397,3...9.1.....7...2.........8.6...9...7...45...45..3.91.5......8.13..5..7..4.....39,382496157915783426674521398263819745791245863458637912529374681136958274847162539,25,4.9
2163706,.2815...4.9.3.2............8.....6.253.86.4.....4..3..91.6..8..2.............4.1.,628159734497382165153746289841593672532867491769421358914635827276918543385274916,25,4.9
1653798,4.....8...........1825...6....9387..8......4...7..5.......1..8..6....3...3.87...2,475163829396482175182597463624938751853721946917645238249316587768259314531874692,23,4.9
994900,87.256....2.........3....8......5..64..8.......2..43..3.5.6.2.92..........6.9.54.,871256934624389157953417682738925416469831725512674398345168279297543861186792543,25,4.9
216964,...3...7.5.....8.4.....4..3.6.8....1.71...4.......65....46......9...32....8.4.1..,642381975539267814187594623465872391871935462923416587314628759796153248258749136,23,4.9
277632,64.3.1......2..6..5....7.2...5...7..937...1..4.......6....6..49.54..3.......7.3..,642351978379248615518697423865419732937826154421735896783162549154983267296574381,25,4.9
144235,.5.4..9...1.7..8...4...3...7......5....36......6.59.3.2.9.....8.....2....6.8....1,657481923312795864948623715731248659495367182826159437279516348184932576563874291,23,4.9
1730980,4....5........726...6.1.3..27....5.....8....41.8........7..6...5....8..9..124....,423685197819437265756912348274369581635821974198754623347596812562178439981243756,23,4.9
1123502,.2.9....1.9...5......8.34.53..........6.....74....738....4.8......5....62....95..,523946871894715263761823495378291654956384127412657389635478912189532746247169538,23,4.9
1556577,62..85.....4.......9..7........5..1.2.....5.4..7...8..1..4....33......2.....6.9.8,621385497734916285895274361483752619216839574957641832169428753348597126572163948,22,4.9
31784,2....4.....1.53.........451...4.1.3.9......8.6.3..95.....7.....4.69....8.8......2,295174863841653927367892451758461239924537186613289574132748695476925318589316742,24,4.9
1171128,.7..4.89..4.9.8..5....2..1...4....388..1.6..............365.....9....72....2....1,275341896341968275968725314614572938832196547759483162123657489596814723487239651,24,4.9
839710,......7..13..2...89...46.....5.6..4.4.....5.3.2...1.........3...4..9..5....5..2.7,654183729137925468982746135715369842496278513328451976579612384243897651861534297,23,4.9
2299986,.........19...8..2..5.9..3..1.....4.9...8...5....327.956.7....3.3...........4...8,623517984194368572785294631312975846947186325856432719568721493431859267279643158,23,4.9
2236563,.....4...4.9....6..678...34.1.58.6.9..8....2...61....39..76..1..2.3.1.......5....,832614957459237861167895234214583679398476125576129483943768512625341798781952346,27,4.9
559087,...5......8..6.4....32..5.93.9....67..5.2....8....7....5164...2.........4...9..35,294538716587169423163274589319485267745326198826917354951643872638752941472891635,25,4.9
38406,...8.6........45.........3..2..3.8...17....4..486.2.....9....78..1.9......2..5..9,173856924296374581584921637925437816617589342348612795459163278761298453832745169,23,4.9
1381715,.9.......7.5..61....698...56....8...9.87..4....1.9.5....4...7.8....4...2.1....63.,392514876785236149146987325673458291958721463421693587234169758867345912519872634,26,4.9
947531,4...32.........7..3.59...4......71.8..7..5....6.4.......61..9..943..65..5........,491732856682514793375968241254397168137685429869421375726153984943876512518249637,24,4.9
1531288,.........286...7..51.86....4....18.269....5.4....7....9.........234.8.......2.1..,349715268286349751517862349475691832691283574832574916968137425123458697754926183,24,4.9
1785064,.....2...6....4.532...6.97..2..1...54.6.....8..5.8..3..73..........2...7....9..6.,547932816689174253231865974328719645416253798795486132173648529964521387852397461,24,4.9
2873472,..9.1.2..7..6....8.2.4........8.57.3..1.4..8...3...6....2.7.....5...8..9.9.....2.,869713245714652938325489176246895713971346582583127694632974851157238469498561327,24,4.9
583675,8.....5...2..4..6..7.3........91..3........415.....97.3...96....8.2..4......74.9.,834627519925148367176359284467912835293785641518463972341596728789231456652874193,24,4.9
907442,...97.5...9...34.........1...9......2...6..9.8....4..34..3.8.5...2..18.........72,124976538698513427357482619769135284243867195815294763476328951932751846581649372,23,4.9
1337085,4..6....3....3.4...1.5..9.76.3...72..5...9.4.......1....47...9.1....46...36.9....,492617583765938412318542967683451729251879346947326158524763891179284635836195274,26,4.9
2448833,9...3..81.....62....8.2..9.1...6.....8...741....2....9.........3.14......65.....3,926734581517986234438125796149568327682397415753241869874613952391452678265879143,23,4.9
2971010,.92.........5.1..31...4...........31..9.72...7....6...34..8...7..5........7..36.5,592368174674521893183749256268954731439172568751836429346285917815697342927413685,23,4.9
897202,....956...46..........71.3.5.........32.....8.671.....6..2..1...15..3.2.......49.,273495681146832975859671234581324769432769518967158342694287153715943826328516497,24,4.9
669196,8...........19..4.6.9.....7.9..785....72.9....38..........2..1.....6.3.8..13.5..2,842756931753192846619843257194678523567239184238514769386927415925461378471385692,25,4.9
2745060,.8....2...4....5.1..7.51.6.6.9.7........9.7....831...52..............3.9.....418.,185643297946782531327951468619275843532498716478316925251839674864127359793564182,24,4.9
253780,.........4.2.59...61....38.3...........96.5.424...8..652..16..8..7..4.........2..,758631429432859761619427385396145872871962534245378196523716948187294653964583217,25,4.9
689721,....3..2...9..8.14......85.1.7....8.6.....7..9..4.61.............23.....3.8.17...,864135927539728614271964853127593486643281795985476132496852371712349568358617249,23,4.9
640501,8.76..3.4..9.....21...7.8...5.......69....1..4..9.8........79..2.4..6......14....,827619354569483712143572869758261493692734185431958627315827946284396571976145238,24,4.9
320202,..45....7.5..4.61..2...7.......9..2...6.8......73..4...1..3..9....9....56.....3..,364519287758243619921867534145796823236485971897321456512634798483972165679158342,23,4.9
982919,.69..1..58..4.3..1..47......92....1.5.....9......3......5..43...2......8...5.6..2,369821745857463291214759836492678513536142987178935624785214369621397458943586172,24,4.9
1736892,.....3..8......94.......62.6......1.5.......44..59.76..7..5......16.9.3....21....,965423178732186945148975623627834519519762384483591762276358491851649237394217856,23,4.9
1610089,15.....4.....3....48......6.......62.7.38..1...1..6...5....32..7..56...1.3...1.8.,153692748267438159489157326395714862672385914841926573516843297728569431934271685,25,4.9
2848910,...7.85.........24.....3.8...3.1...6......4.....6.421.1..5....7.2....3..46..9....,912748563386159724574263189243815976651927438798634215139582647825476391467391852,23,4.9
2059152,...3.........4512...56...9362...8.3...1.3..8...3.1.5..2.4......7.....6.......9.1.,962381754378945126145627893627598431451736289893214567214863975739152648586479312,25,4.9
1642502,..485.7....6.39.5..8.....3.........581....2.6...........3.2...94..6......9.4..3..,934851762176239854582764931367912485815347296249586173753128649428693517691475328,23,4.9
915212,4...31...97...........7983..5.....9.2.7.9...6....48..7..1.....9............18..5.,428631975973825641165479832854716293217593486639248517581364729342957168796182354,23,4.9
1999000,.19.5.3...3.8...2.5.....4....4..35.2.....9.3..9.1..64.2.........5.416.......8....,819254376437861925526937418184673592672549831395128647248795163753416289961382754,25,4.9
173628,37.6.8.....4...9...6......57....4.3.....1.8....2.3......6.....4.9.4.....1..7.2...,375698241284175963961243785718924536439516827652837419526389174897461352143752698,22,4.9
979146,.43...5.1...654..........2.2..4..1.9..5...2....4.1...71....7.....7.25........8...,843279561721654983569831724276483159315796248984512637158367492437925816692148375,23,4.9
2636989,..8..3.4..2.6..1....5.....82..9.......4.562.....4...6.74.....2...629...58..7.....,198573642427689153635142798261937584974856231583421967749315826316298475852764319,25,4.9
1012120,..9.2..51.51.7..2...2...8....8.....4.2549..........1........7.....2.9....3...4...,879623451451978623362145879918357264625491387743862195294516738187239546536784912,22,4.9
67181,6....9.5.587.......3.....6...2.8.........76....31...49278.....3...3...9......5...,621749358587631924439852761962483175814597632753126849278964513145378296396215487,23,4.9
1660827,...8..3.4...7.41..3......8....4.6.....4...5.129...1..6......93.8....2....2..9....,752819364968734125341265789175486293684923571293571846417658932839142657526397418,23,4.9
1131869,.......28...54.9....67.2.1..1.......6.73..5..3.9.....4...2.....1.2..7....8..3..56,495163728271548963836792415518674392647329581329815674953286147162457839784931256,25,4.9
643268,...35.6..17..........9..3.4.......3.9264...7.......9.2..4........123..455........,489351627173642859652978314718529436926483571345167982234795168891236745567814293,23,4.9
2864565,8...5.....4......95..43.7.1.3...5..6..8.7.5.....98..3.....9....6.7...2..3..2....5,879651423143728659526439781932145876418376592765982134251894367697513248384267915,25,4.9
1497010,.6.9..8.4...2.....8......9..4.6.7.3...8......9.5.....8...4.....4..7.15..3....6.12,561973824794218356823564197142687935678359241935142678216435789489721563357896412,24,4.9
1198126,......3....42.3.1...1.5..6..4.....9.51.8.7..39.7.....5...634.....6..9...7....2...,269471358854263719371958264648325197512897643937146825185634972426789531793512486,25,4.9
1787289,6.8..........1..7...436...2..7.9...18.1..5.4...6..............35....4.9....8.1...,678542319325918674194367582257496831831275946946183257482759163513624798769831425,22,4.9
354107,.6.597.8.8......9...3....72....3.4..3.1...2....64.5.......5.8..51...3.....76...2.,264597381875312694193846572752931468341768259986425713629154837518273946437689125,26,4.9
2563611,........1....28.74..7..48....689.1....1.....3.2..1...5..8.......5..8....712..36..,864739521195628374237154896376895142581472963429316785948561237653287419712943658,25,4.9
2936698,.5..2..6.1..3.........95...63.....89...98...1......75.27......33.1.5......81...9.,954721368126348975783695124632517489547986231819234756275469813391852647468173592,25,4.9
2372936,....1..4...43...783...24.....8.7....1....64.....1...9..475...31.5.......93..4..8.,769815342214369578385724619598473126123986457476152893647598231851237964932641785,26,4.9
550651,5....4.8......7.29.8.19.4.........7.3.59......7...8..4..1.....5...3.5..12.....79.,529634187134857629786192453918243576345976812672518934861729345497385261253461798,25,4.9
882715,49....6..2..3......3.5.7...6..29.85..8......3...7..2......8...6..6.7.5..91.......,497812635265349718831567492673291854182456973549738261754983126326174589918625347,24,4.9
2036952,2.......7...7...5....12....3..6....5.4.9...6...5.43..918....9..........3..92.8.4.,256384197413796258978125634391672485847951362625843719184537926562419873739268541,24,4.9
124449,.7.4...5..84..2........32..5..62..3..9....6...3.1....7.....5183.......4.1.9.3....,273496851984512376615783294541627938792348615836159427427965183368271549159834762,25,4.9
2412502,...41....5...3.6.2.78.2...46...917.....74....9..5.2..............3...94..1.....75,296415387541837692378629154654391728182746539937582461865974213723158946419263875,25,4.9
956548,.72..........6.2.7..4..5.....5.1....1.7..26...89...3.1......58.....24......98...6,372148965518369247964275138645713892137892654289456371421637589896524713753981426,24,4.9
186406,.4....2..9.8.....3.7.....8....14...7.5..9.3....1.6..5...9.84....8.....7....21...9,345678291928451763176923584863145927452897316791362458219784635684539172537216849,24,4.9
2043173,.25.....3...48..76.........6.7..1.4..542......9....3..4..5.89...7.39.............,725619483913485276846723195687931542354267819291854367462578931178392654539146728,23,4.9
2038216,.....362......5.87..46......86......2.7.4...1.3......8.1....9..8...2...5...3...7.,758413629361295487924687513186739254297548361435162798512874936873926145649351872,23,4.9
1870903,.........857..6.3.6...9.....4.......3.97....1..2..38....4..82.39......7.....679..,491375682857246139623891745546189327389724561172653894764918253918532476235467918,24,4.9
1840488,...3...6.69.8..2.1..3....49.5964.........5..8......9...2..3............2....7.493,482319765697854231513267849259648317341795628876123954724931586935486172168572493,24,4.9
2762821,.2.....4....8....19.5.1.3......64.72..4.........3.19...52......3...9...76...8..2.,821635749436879251975412368583964172194728635267351984752143896348296517619587423,24,4.9
1177347,1.93....62....1.7....4..9..9...18.....82.4........95.4...8....5..1..2...4......29,149327856265981473873465912934518267658274391712639584327896145591742638486153729,25,4.9
1710595,4.3.5..927............495.......8....21.6...49....3.5..8.2.4..6....8....2.73.....,463851792759632148812749563634518279521967384978423651185274936396185427247396815,25,4.9
1045356,..3.5.....9..862....892...38.....7..93........6214...93....5.16..........7....3.2,243751698197386245658924173815293764934567821762148539329875416481632957576419382,26,4.9
1647149,.4...9.....6.8..5..2.6.3.....5.4.......1....5....7..9.........6.....27...31.9.4..,548729163376481952129653874215946387967138245483275691792814536854362719631597428,21,4.9
2985142,61.3...7....7.41.2.........8.....53.4.........3..7.8...94.....6...8...5.2..6.1...,612359478583764192749218365871426539425983617936175824194537286367842951258691743,23,4.9
471508,...9...8..5.74...3.935..........32..7.......92.4.9.......8.619.......65..1......2,627931485158742963493568721589173246761284539234695817375826194942317658816459372,24,4.9
400337,.1..........8..3.78...79..2.........2..5.4.....4.6..........75...6.3.9...53..16..,617423598942856317835179462568317249271594836394268175189642753426735981753981624,22,4.9
2953076,..5..84.6......8...2...4.5.......2.89....16......5..9..4..35......9.2.6.79.....1.,175298436469513827328764951516349278937821645284657193642135789851972364793486512,24,4.9
676094,..2.78.............491.........2.1..46.....2..8..9.3643...1.94.9.6...2.8...3.....,632978451178245693549136872793624185461583729285791364357812946916457238824369517,25,4.9
132016,3...98....9.1.......17.3........65.47.......6..65.93....3.....5.8....9.7.4..2.1.3,364298751297154638851763429928376514735412896416589372673941285182635947549827163,26,4.9
191018,...7.6..4....4.86...9....5....9....71..3....5.4...2.1..3.....2.9..2......8.45.3..,358726194271549863469183752826915437197364285543872916734698521915237648682451379,24,4.9
2551135,..6...2....2.6.8...5.2.7.9............54.83.949.3.....2.....4.3.....1....7..4.56.,986134257742569831351287694823916745615478329497352186268795413534621978179843562,25,4.9
1336209,..8..36......162......4...9.53.6....4.7.2....9.......3.6.5.7.2...4....17....3...6,798253641345916278612748539153864792487329165926175483861597324534682917279431856,25,4.9
